userid,subscriber,category
465c84db-04d6-4d03-86e3-e0cecf5b05fa,0,C
a5060735-2a65-4f2d-b068-0371f04a34bb,0,A
ec62581d-4c05-4943-8293-d1584fd9fd4a,0,B
8c011cf1-023e-4d3b-aae0-9f2c5db2da92,0,C
13d96f81-0e6e-4fd7-8fdf-dad0d8bf3708,0,B
5ddbc2c6-6e9b-4f0b-af64-487074332862,0,C
1dd7cf9d-33bd-4c39-a675-b12910af1e6d,1,C
42a0f8f1-bdfd-4ec0-8840-7bb2e08c3891,0,C
8dc2293c-4db1-4e95-94cf-7040df69feb4,0,A
4768df1a-5c78-44b4-b4cf-a46dfaf41d9c,0,A
0ef15eee-4019-49dc-881d-97e998f0792d,0,B
3b5d1330-8f5e-4dd9-9106-315503eedbe7,0,B
39a20bcb-a77b-448e-8635-a4064f52eedf,0,A
dfdc155a-39ac-4f7e-918f-d8afc9ef8428,0,A
53a0bbce-cb80-420e-8194-e6df835c156e,1,B
86e9a72c-c381-440e-8b40-ed890809358e,0,B
fd11ebf7-ebc3-4d6d-bdd9-765f3dbb9418,0,A
c08adf2d-64c9-4a93-b81f-8367aed02d14,0,B
e21a08c9-a466-4393-a5e2-97a511bf6b4f,0,B
bf6543db-1c25-488d-b960-02eabe89b8bd,0,B
6e0d56cd-f320-4054-93f5-c1839c8f95a3,0,C
4297f22d-1889-4b5b-80bb-cdaa6a8809bd,0,C
df58ca9c-d915-46a8-a9db-54ac5dbda5a2,0,B
03530c8d-7ea0-4743-80b8-0a5b77a3a2e4,0,A
4a569995-46bb-4bd8-94f4-d5a764cc378f,0,A
371449a2-5aaa-4d98-ae6f-3b7006e76ccf,0,B
be5488aa-32c4-4897-a081-13de734c3a80,0,B
39f5b5ea-a2a9-4837-ae5a-4efc190a6d53,0,A
af8a81ea-6de9-41ba-aa81-ccebf44a8bed,1,B
f072fcde-6466-4e10-b17c-de169c11fa1f,0,A
58027d1d-79e3-414b-8fe8-9f6c5a6cffde,0,B
9df8b649-0a06-4264-aa37-a5c27fc95d11,0,B
e1f2d6ec-6f5a-493d-8cd0-9df4dea79322,0,B
7c41b649-58eb-4b0e-a702-d375cac1cc51,1,A
e7c99a20-6739-4f7a-adde-c380d360887b,0,A
ec99ad7a-1029-48ff-b074-19d96daa084e,0,B
9c6389a8-d335-4ca4-bdac-deac9b19f44d,0,A
298a7fc2-3fa2-4712-b843-a6c0cfc11f4e,0,C
ffd33189-0e9a-40a1-9644-893cee8a1f50,0,C
9a13911a-557c-4a1a-adf1-39561741a2ab,0,C
38761ac5-454d-4605-b8a9-4a9be2943261,0,B
37e82f9c-25da-4c88-959a-58ed8af322b1,0,C
c59aa5dc-b78d-4b08-b44f-d510b3500ff6,0,A
128cff36-16c8-4578-873c-9ffcc2b18294,0,A
2a4fceec-5c2e-47e9-b986-eef5f7ec7bb1,0,A
72dfff72-54dd-4ce6-ba57-3baf40a951d9,1,A
402f5ad7-a8c2-49ef-89f4-56dce2943eaa,0,A
3b73de19-ba53-4db0-a84a-29fe7ee9ddcc,0,A
c987b8a9-6a46-4094-8a6c-45f680113bd3,0,A
c2208c07-5035-4cbb-8dfd-2cad82536376,0,A
b04f6b1b-74e9-46ce-ad09-28e5301bcaf5,0,C
75385932-a35b-4a3f-8aeb-c1b14dbfac5d,0,A
a91dfdb7-2193-490b-84ba-5a54d37301ae,0,A
dd3f5c50-c69c-4109-8651-2a1f227d08d8,1,A
afcaa35e-ac56-42de-b65a-4f727aef2c11,0,A
01312d8c-80ef-4a68-942a-bc15549eaae7,0,B
2676179e-dc92-4882-8eb4-d8b0b169b9ae,1,B
eadb1b3e-30e7-47ba-b7f0-a8bcbff3e627,0,B
9ac573be-f01b-445e-b9e3-8eeefdd5a995,0,C
10e7bd31-ec95-4afb-ae90-df9734994834,0,A
b6bd229e-7e5d-438e-860c-31d4cdd7cf83,0,B
60b98fd9-9879-47e1-a700-97752f4b5063,0,C
7cfeb926-18dc-472c-9d2d-cf6d53ae6359,0,A
b57277b0-2c54-403f-871d-5d6651c4ede9,0,B
788aaf3b-31eb-450c-a488-14ed2578b4b8,0,C
4fb90fef-bdc3-4181-84f1-c417f78793e6,0,B
0175c0ec-aa56-4803-a58c-b4c556e261a4,0,B
8ea2a31b-61a2-42fe-98b6-230596e57c61,0,A
b6329a23-59bd-42d6-843d-bfce6518bf06,0,B
abbf1f07-d818-4ec4-8d5c-d8e5766ea599,0,A
91cf8c34-6e29-462d-b809-22f6c7953e69,0,C
0a727b8f-1db6-45dc-b0ca-4cdd354fa748,1,C
21683c3c-e928-448b-8472-49aeff92b2fc,0,B
05c3191d-a0bd-4a89-b89e-d7b4857a48f6,1,B
98c97e71-de74-4ff7-8e09-5c8b105b5e3c,0,A
78a53647-76a3-41ac-b131-303f4d1bcadf,0,B
b5a48cbe-34d4-4428-9fbd-988da139fdf8,0,B
0c905820-b637-4e42-b0ce-c42f2dba4f00,0,B
6af848b7-4512-4d6b-bf35-d47d727b1bb4,1,B
24ca7bdc-0d77-4b56-a83a-30e37825bdbf,0,C
7d259cf9-51b5-462c-870d-5fa248a87da4,0,B
c83ebe9b-29b0-4ea8-a7af-47e58e34a42e,0,A
dd74db12-f116-41d7-844a-2690fa4eef68,0,C
11ae62dc-b603-4ade-ba9e-0ef1c57f0e9b,0,B
bab51672-4a81-4386-bb3f-61541d3f27f0,0,A
31486e80-daaa-4f88-b226-47a4ed1134f1,0,C
4dea2ab0-ce64-46e5-b01a-bca9bfbd1b69,0,C
0b31d59b-7066-4b70-841a-2bbcb41ceb55,0,B
088f9769-770d-4fce-ad2d-31a215c8ab33,0,A
bceb7635-1a2c-4e40-b75e-0cbcc7b714e4,1,C
fcea3e4d-fbb4-432f-a231-32f85d664303,1,B
f4061306-11a2-4485-9a18-5ab1854dc4d0,0,A
8099e23a-f8c6-49d8-a374-a616fcc29cf7,0,A
9e77e06e-5cd6-4cfb-a921-42f99f4ee1bf,0,A
f618a326-9cf2-4944-9c02-e943574348d7,0,A
aba3b1a2-b06b-4098-99eb-03fd39febfab,0,A
a92a9ad5-458c-4fa0-9511-8fb8091f117f,0,A
7898dcd5-daad-4118-b90b-2a8d4a69f275,0,A
c3c0180c-2653-47b1-a306-2f15c9af98a9,0,A
52f54494-5f18-4e36-918c-88c60cd8b4c9,1,A
b8dd3f1a-6486-4905-9da8-4ab228f1684c,0,B
c1c3361b-0c95-4e6d-acee-2c37511d0eaf,0,C
d8da5a56-0d96-4d65-81b8-73f86d7dbe61,1,C
f6956b27-31e9-407d-a70b-a3076effb416,0,B
f8482de0-c95f-41fd-b6b6-5722021633e7,0,B
b4bb75f4-5a98-4305-9095-b8d9ecfe0058,0,A
73ad1611-12d3-4aea-97fc-8d8fa04effbe,0,C
0ffde199-47cb-4784-9264-4b38162a363e,0,A
6faa51db-c368-42b8-953e-12c1e45f35ce,0,B
025dbd73-f6cc-40e6-bf9c-29e7f421d9e0,1,B
7f86d1e8-5509-4442-b76f-ac7e2076d7b3,0,A
5acd1e6d-b8b1-4541-a777-3a3936693289,0,A
6adf9c6a-7020-42c2-8836-7f6bc99fd6af,0,B
386cf0e9-f2ba-4282-8581-ecb84ca94ef1,0,B
d9d5b076-907a-4a59-9d91-36a59fafcfdb,0,B
37e9c3a0-5e34-4ec2-93e9-c9519cc5df80,0,B
bd0490a9-daeb-4ee3-be3e-d9e6e97ba4b3,0,C
e634a233-78ef-40ad-99b2-6be37fab5e71,0,B
3a2e085e-2e3c-4f19-b2c5-9c46c0e26294,1,A
e95d885a-a7e2-403e-bebf-4950d0809fab,0,B
dcafb301-a0e3-43ed-9f56-b277cd3f40a4,0,A
fe91f7ec-7cb4-4dc4-8fe8-2fb4548f0e53,0,B
4aad74f1-1473-4d83-8b0b-7fd1416c7941,0,C
384540fe-88fd-40fc-b1d8-e0014cdcdddd,0,B
2c43c0d4-ca56-4fc2-b69a-52429e580cc9,0,A
ac7b8df8-5b01-4e34-82de-61010d260941,0,B
8f6fb17b-954d-44f8-82cf-aa918362ed88,0,B
beb9aef6-0ab5-4718-b2f1-199963fd542e,0,A
d503e896-f748-42f0-80d8-858d0b6e4213,0,C
278b9e79-0caf-4d12-b49f-0f5847ad1637,0,C
30e0d79b-7ed6-4af9-b3b2-19351d428545,1,C
8009bd3a-2c2c-465e-b7cb-7e051d399572,0,B
32134042-9d84-4c65-ac9f-ebe1fcdb18ec,0,B
f917f58b-3018-48fa-bb49-095aaf00b712,1,B
c8111bb2-49e4-4d55-a1da-00be9d0084f2,0,C
8c7a3dd0-5603-4de9-88b8-3607352fb771,0,C
dcc23792-78e8-44da-9d83-2e675cf074a9,0,C
946cb44b-abe8-465c-9f17-3b87d2ad172e,0,C
d272e8a1-b683-48a5-979f-adf8f97766fe,0,C
e107db75-228d-4e82-ab34-0e8f86857cad,1,C
0e53d479-32a1-4a17-a243-502a72d63340,0,A
e0679b8c-0bae-4ab7-aad6-c96108ec9f17,0,A
43171a7a-9be0-4d14-a235-4a66dfaddd33,0,C
8cfe3443-2432-4078-864b-cc0aa39ee103,0,B
95ae0824-2045-4e36-b303-57406c0e57f2,1,C
65ceed1a-f99a-440f-91a0-f3d4654d07fa,0,C
57abf6c0-1a4f-47f9-8e12-a3bb86150837,0,C
e0237fab-b218-420d-bfbd-76f35ad0e21a,0,A
33d4d3dd-cf51-4314-abb9-6e918dffab51,0,B
1195501d-3ad8-407c-b29e-6f2a0bdabbb7,0,A
4fd8a17a-8b50-49ba-b18a-01de554a80da,0,A
89587c0a-bcd8-4233-9489-a86798d7ff10,1,A
11afc8b1-dc35-42ff-9e43-508e10d25df8,0,A
2acb16db-02db-4b2b-a983-8dba0bc6f618,0,B
54083119-461a-4a5c-8f80-7f2c69091151,0,A
bf6690ba-756f-48f5-91f2-390e0eb4af49,0,C
5d9361c3-2a05-47b9-9425-87d9966c2693,0,A
9ace4cd4-a605-4f5e-bb57-76ceec3fdc5e,0,C
5cb3c160-ca3a-416a-8532-1afc866f8e65,0,A
a524a428-ea03-4c2d-8b47-011a606ca75a,0,B
48557f8f-20f8-4d32-b0b8-84318da4fc7c,0,A
9f577c82-e988-478e-b49b-c0101a6341b9,1,A
2ba5e304-ebf4-40b7-8f38-fd793d865495,0,C
e88aa18b-4086-47bd-9305-7e4b7f40647e,0,C
399ceda3-f920-47d7-947e-66de5049ebce,0,C
1c501002-3098-417c-aa41-14d30a82ca63,0,A
6cfd1334-8e97-4771-819f-9a487b903472,0,B
8e23793d-df47-45e7-91dc-2a88206eadc9,1,A
3e86c740-bd48-41d2-b07a-1c015d981204,0,B
71a87e9d-6592-4cf6-98bd-e8aff326deaa,0,C
40ba67e7-7b1c-48fc-989a-a0eb4c4b9c63,1,B
3054c290-6cc1-4ddd-8a76-0ab39334f409,0,B
dccdd038-8621-4db7-ab30-f580cfb2ad41,1,B
21e6e524-402a-4445-9c9c-d826c25fd01d,0,B
1a62e6fe-a4ae-4e61-9763-57bea2c6628b,0,A
e8dc0f36-8af5-4deb-8d73-46eee4730a71,0,B
0060646c-60d9-4569-af81-a05dd1a169c2,0,B
83c16eb2-b9ec-4ca8-a4ce-d1f3c0c0456a,0,A
0d7c6159-a2bd-47b3-bd04-ea468fcc9a76,1,B
b98b7e30-1b3c-4434-a645-e8b66bd76e40,1,B
00b53abd-90d9-4953-b441-8989e75f616e,0,A
5b353ed8-9b16-4d71-ae04-9f0985d77778,0,A
071b09d3-162a-4204-b4cc-9192a80417b4,0,A
5eea11b4-a173-4a0a-bf22-d88c42f92d1e,0,C
e50b2d2d-318f-4591-935b-fd63610e5222,0,C
e3ebc582-2884-4f9f-bee0-90004ff8de4d,0,C
bff3156e-1536-42c7-bb94-1d0461b9750c,0,C
efd8eb14-41f3-4938-935b-05dfd485bc77,0,B
6305d8f5-171e-4b18-8c32-32b34d8b2f94,0,B
7d9be86d-f7fd-4c91-919e-d82547ef1d66,0,B
a693ce85-c658-44c1-bce0-497d7f31e475,0,B
9727cc85-d4aa-4597-b60d-25d0189181f4,0,B
6a2da625-631f-4c97-b6e9-254b8d6189d1,0,B
ed1aa697-8f7d-4f5e-8720-25c401314ea4,0,B
4a858e65-83e6-4259-88ba-2280348edf65,0,A
7c0ed694-f92e-432c-a395-d57bc5d81fa1,0,B
1faba180-5a8d-4a91-9ec9-9109dc6e7e4d,0,A
8ecf5204-8ee5-4e87-bf17-262051783d83,0,A
9a0293b2-600e-4926-8bc2-cbfb7e409522,0,A
09362d9a-c399-4c7e-9c2c-0a0d0566769c,0,A
892d1151-e10d-4c4b-9373-4afc5a3b9f56,0,A
4f345462-b63a-4e30-a345-a26c3b779dd6,0,A
21f3d951-acbb-48be-8de6-ffef8a2041e6,0,A
416c32ec-3234-45bf-a82b-c736c013fc01,0,B
fdaafb7f-63f5-4d2d-8f85-d5d550f5bdba,0,C
ac7f4de2-2480-4467-b52e-e2c3cb4c9ff9,0,B
7725ba77-4420-4757-a15c-54da369a24cf,0,B
d08e94a9-64ab-44a8-8acf-8997c84bc545,0,A
62e39226-ab28-47a7-acb2-72e2944c06a5,0,C
d69afd0e-5291-44c4-95b4-7907a4f5f1c6,1,B
5616d0cd-b8bb-4181-b7d1-68c4cd3692a1,0,A
798e18aa-634b-4cd2-aec9-8e2844327bf9,0,A
acc10705-a72a-4128-a3bb-9f3c7de85f46,0,B
27841c93-5419-4e51-bf9c-4b537d2cbbc7,0,B
b09b7e30-da2d-41be-826d-6dcc0aaf7876,1,C
99c72779-556d-4fd8-a961-857a854e55a4,1,A
bfadabb7-319c-4548-92ab-bd15fb17e356,0,A
faceadf9-929e-4e45-aacd-46586a4c6517,0,B
bc1271b4-156b-4dbd-94d1-7857e57a39b1,0,A
ff65d611-3287-46cb-a805-c42b91ab4760,0,C
6587578d-af94-46ba-98c6-d1179d79ada6,0,A
9713aac2-f5f8-453a-9461-5130e9a4b6d7,0,C
4682faec-590e-4fe3-a84c-d0715ebabc43,0,B
97904919-4b40-447c-aead-ee67d611893e,1,A
334d05f9-de0d-417b-83c7-173459386d29,0,C
b3c47707-b11f-4a14-9fc7-57b629bb26f4,0,B
2872ebfd-310a-42fe-8a3f-865fce8065ae,1,B
dfdc226a-7b93-4baa-9092-c475f6f9300f,0,C
3c47d25f-bbef-4d1d-a3c1-676bfbc2bee7,1,A
cd4dcee8-18c8-4ea7-815e-32b2097df923,0,A
1900134f-c754-4bd8-b4c6-0028241334d2,1,B
25743f65-e5f2-4f54-9c22-b6ca0ee2e487,1,C
07ebde9d-8eba-4d84-9631-60def220ef8e,0,B
ad6d96f5-f517-4125-88a1-1b01150404fe,1,B
668ca8b8-d70f-4e46-9f6f-bdb109d2e038,0,B
db910bf4-ab6c-47ce-8545-fbd3302c27c3,0,B
aa24478c-2b6f-409a-9938-9aa7b85583b9,0,B
99734e4b-b19c-4b22-9ff9-660ba1949ccc,0,B
fa80dd8b-8597-44e1-8351-276f874ebc2a,0,A
3dcf8ef9-5a2c-46fe-8d40-5542988300a5,0,A
708ba0f5-e471-4194-8809-174305e59544,0,A
3153d5fb-f297-4523-8c78-1b7ca42ed46c,0,A
390e69f8-26b7-4392-87fb-95cdd92c2d33,1,B
1ce29632-a41e-4953-9e91-db8ae89cf75b,0,C
710812b2-edc0-4b01-98da-bc9103687366,1,B
d4de8fe6-9c35-4445-8ae4-fb9dbc49cae5,0,B
d001627f-aab4-418a-8f86-0ce8383ad4d9,0,A
cbe0050c-07c0-4f0e-a518-41b481cfc816,0,B
72b4fbba-b3ea-4fe3-9b6d-220238fd7d17,0,A
b7df445a-ceb5-44cc-9dcb-6a0a5cf3c59d,0,B
6ede2919-ba37-4677-b66f-3b43fc74f875,0,A
fffdf3b4-3aed-4bca-a369-1c3268b997c2,0,C
6b39ffa9-a115-4b97-a44e-9fc4c30ccdc3,1,A
69693b6f-abcd-4efd-afb5-e6cbe222a317,0,B
a4bd9b65-9672-4cfa-990b-f69388a4b807,0,A
b80390ed-55c5-4ce8-a5a5-2aa463a9de27,0,A
e340f2d1-fae3-4ebc-a14a-f1a7c2a43f84,0,A
cf5827a1-16a0-470f-8554-d9cf2ef2b30d,0,A
01d23320-482d-452b-a36e-893eec41d032,0,A
a28926a2-43bf-4efc-95c2-a38b35900d75,0,A
26d7f6e0-e0ec-4784-9576-d48110038178,0,A
e1b80c31-e5a3-479a-b197-c6bb458f9ca6,0,A
83d022d3-6e5d-40dc-ae3f-4ef1f31f44d9,0,A
ed5b8672-32fc-4e7b-832a-073d6d893a4e,1,B
1b1f7dde-fb16-489f-93a2-abb7be226720,0,C
9ac3bf13-be6b-485d-9c9d-5b5c1092e650,0,C
2d6a3650-4907-4682-8217-b35417bb5e23,0,A
517918eb-b761-49ad-aab8-8a76c5ed57d9,0,B
84d57900-64fc-4eaa-816d-9fe8e874a814,0,B
190c0303-3a81-4da4-9c64-a425bdd87b66,0,C
181e3676-86b4-4e07-8afc-c464c97e3ab4,0,B
e2d582e1-2642-48e5-9263-dce969e228a1,0,B
a713b829-b8ba-438d-8bd2-1d845e8e1d59,0,C
3dcbbef9-b173-4de1-a24e-62560cfd1fa7,0,B
fd721b64-0f9a-433b-909d-4411546bf0f0,1,B
cef1b63a-bdb9-40c6-a961-23ed33cc789e,0,A
904e3ef9-df02-4538-b854-1aaa3fb9debe,0,B
46114ef0-5604-4037-8bfc-542ccd477b17,0,C
ce3b5037-84be-4137-a2c0-d1b5cfe051cc,0,A
c8310b2e-1e54-49b2-b861-a5e38f6e1ee0,1,C
11629335-882f-489c-aa1b-32a19b760ad8,0,B
bed786e9-1879-41a1-a183-b4b3fd2d3d43,0,B
f6f6d912-67b2-4495-8f8d-73bdec308bbf,0,C
af37aa09-442e-442d-8850-74d669b5b12a,1,B
faed236f-1cb8-42cc-9c3b-d15d7ba39a71,0,B
319294a2-1281-4a90-8de4-560080fa014e,0,B
a112fa68-767e-49ef-94d7-a46d0a40afd8,0,C
d915f6ba-4db7-43b1-bd55-9790c60dd2e9,0,C
53235972-89f1-4a8b-81c4-4357cb625a3f,0,C
a63ca0d0-9f6a-430d-abc6-a274357f76b5,0,C
e7b98cbd-3d71-4599-a2ad-abc690aa4f82,1,C
188e949a-a307-4b69-9111-d03467444bb6,0,C
9d538064-51d2-43d6-b020-3ac7c5d8fdea,0,A
a257c0ba-5358-41de-a638-b2e45b20392e,0,B
cc88ab02-e777-46c5-a597-11568882fea3,1,A
25c364c1-7573-467a-9455-acccdeb58261,0,A
7d603e7d-f1eb-4ad5-9afd-e96f239539a6,0,B
bc48d7eb-c366-4020-a306-b60fa0fc3922,0,B
64c75faf-011a-4548-accf-42bad4316f64,0,B
3be392ba-0195-40e8-b3de-bf4beaf7b17c,0,A
c1e38a67-7f79-4480-826d-d9c335ee8401,1,C
f7d04e2e-37dd-4545-b50e-bafbd9e0094f,1,C
ee5d827a-3f1a-4f7a-8807-df5b884dd93e,0,B
e66ea3f8-2381-403b-885d-0b37c01ac4ce,1,A
c2926ad9-f9c8-4e32-a792-dd0d2b082bde,0,C
601e7f6e-6b60-49d7-a374-9c6b62640224,1,A
97a589a4-0197-4a45-95c5-27fff1d506f4,0,C
f7385756-db06-456b-a65a-f2f8577fc407,0,A
bd404842-2439-4979-890c-c56d83c3d195,0,B
022de79e-ac71-48a9-a666-e4aadab864ed,1,A
23ed5c06-6b01-4f37-ac8e-9948cf6c9910,0,C
49e711ce-2e7d-4efb-b14c-a84f2942aef2,0,C
199205c0-298b-488c-876d-06f9d73f832a,0,B
3c899e68-1a7b-4535-b315-1d5d3dda0ecd,1,B
239c519d-20a7-414c-9dc4-aa7488f78f5b,0,C
dd748e62-253e-4b0b-96e2-df45979fa34f,0,A
b36318bf-92e4-4ddb-9253-5182adf61630,0,A
d2b83539-fbc7-4359-b735-4858b3f6e843,1,A
8efaa5e8-532f-498d-8a83-1c72775a842b,0,A
29147a44-3ff3-4bfa-85a6-7301f7b970ab,0,A
92bcd3d3-f4a8-4957-abd2-40c31be70780,1,B
d0091f21-ccf5-4eac-81cf-317a6d5d7f7e,1,B
251b809c-67d0-42ca-9e4b-b7ea737e5425,0,A
a2ffc486-282c-417a-84fd-81d40c42290b,1,B
575d3d20-46a7-44d5-8d59-094d2ca124bf,0,C
9fe05996-8491-4966-bf9c-ed1d1c765782,0,A
859433f0-7925-4b48-84bd-40dfa3fd9fa7,1,A
6a23efee-90e2-4356-9743-6c8411bfdb8c,0,B
981b1c19-2ccd-4567-ade1-717d0030a33d,1,B
29650477-c522-4910-80a4-42db3ec73086,0,A
9be95f3d-0b2d-4107-86a3-ef798c8297a2,0,B
b293b7a2-0d28-45a7-9e3d-022b1652855c,0,B
f97002d9-1024-4ccc-8f1f-3bcde48256ed,1,A
d68bf8ab-3681-472d-aeb9-d5324fce62d5,0,B
2cbb8e88-70d8-4c58-8616-014c849746a9,0,B
c43ebfec-5073-4216-be4b-1773bcbda447,1,B
f69fc40f-c33b-45ea-b1ec-3ddc1ebf2915,0,B
ff4b6a29-e290-4960-b00b-8a8f5dd0099d,0,A
9dbd58fa-9377-4c01-a5b2-fb82dd593c9c,0,B
f7c41f69-ce78-4d17-938c-44cac38fc1be,0,B
01dae75b-8421-40f3-b8f7-b032e83392e2,0,A
af72312e-7051-4801-9da9-0d097723e803,0,B
369cf847-687b-423c-b1d0-cdd54d683e0f,1,B
f9cd1ec0-6878-4d93-b57a-b248227d9d81,1,B
7a773612-acc4-4a1e-b0a5-08c164b897f6,1,C
f38091b3-b7a9-4f1a-85e2-3889123ed5c2,0,B
fc27689a-ba26-4a08-9835-13cb3fdb3739,0,B
98fe24ca-33a2-4f1d-b0ef-f2ad40add1d9,0,A
84ef1cb0-2a1b-4555-b8de-100209e8f7d4,0,A
fe517e5d-b3c6-4c2c-8d5a-1c05f5340ffa,0,B
dcfe5865-04fe-47fb-858d-8fb6da2917b1,0,B
c3e19bc4-52bb-4195-89b2-c62004a12f07,0,B
296fc412-50aa-47dd-bbf4-db1d1f30bf79,0,B
13048baa-b816-49b5-9488-eef8dd0dfea6,0,A
9e9d3b91-c1b1-4ba8-b798-52d6f09b8b83,0,B
64b51ac0-1672-4559-a5d2-9121dc7a2c5a,0,C
3db2053c-8ac3-46ec-b330-3f1e0902f612,0,A
abf6fa4c-c139-424d-9f2c-32774c844a27,0,A
5ebc7afd-13a9-46f1-8030-20b6926fc70f,0,B
3567b1ef-59dc-4347-9bda-be8510a08cf0,0,A
874a081f-0676-4319-9219-4c864ac5a401,0,A
6198412b-9855-4c80-8829-e4c76c626ec1,1,A
b4b01d9a-6f78-4a52-8263-7a17eb9301b8,0,A
8ef3fd56-c11e-44b9-9a2e-ee847498617e,0,B
953906fc-6ec2-4a15-b78e-43f85031b5a8,0,B
38139e82-fa9e-4978-bbe9-e374bb567acf,0,A
df0cc5fb-a458-4c73-ac14-2d86d58d56cc,0,A
32f7c1a8-d360-47d5-ab4f-0dff1fd21d4a,0,B
793495a1-f007-495e-b1f4-7e658b5dd699,0,B
b5262a59-ba5e-4d10-a282-b6db76ee95ba,0,B
b639ea83-cf07-4d70-ab8b-32801f80d2f1,0,B
05eae547-5140-44c6-8ece-9a05868457b6,0,B
ecd2c014-2db8-483b-b281-02b668ca6b4a,0,B
2c52362a-aa01-4902-b08e-ce232a2ade66,0,B
e04c17da-8674-434d-beeb-f6111242ab0c,0,B
d4038997-2932-4dc2-bf2b-ec068df58d44,1,B
890bce68-0c4b-46c7-9519-e549991937ee,0,A
0902139a-41b0-4726-9d10-ec29c1db1db0,0,B
615c5e2e-03bc-4ca9-8e8a-beaa413191e6,0,B
f7637f16-a65f-46f9-827c-9fc9e8122c6f,0,B
973effed-f39b-4a93-ad83-5bf0f0e6b82a,0,C
408d577c-bc38-4cfd-85da-af5427a719d7,1,B
e058503d-6dc5-4dde-96a5-f6fe2ef2340e,0,C
1231521d-808c-4d58-a3c9-a2905c10b943,0,C
708e9594-0ed7-4207-9d90-214e7081ed58,0,B
d4283d6f-6e44-4a69-afdd-883a7b2f62df,0,A
e4fac875-57cd-4f04-bfce-8bec5cab0c37,1,B
76dac9d0-9017-46e5-9540-ff8fdad348c5,1,B
8e0214e8-1959-470d-985b-7c0f9c612b4d,0,B
069b3773-0073-4700-a494-243fb499497f,0,B
e5251830-0b6b-4ebb-8ccf-d2bf20921f58,0,B
e5024a58-f4b4-4b20-890e-980b481fce38,0,A
a5926651-335c-4e8a-ace2-b829229ed2f6,1,B
14ecfdf1-3351-47cf-b20d-f4b766bb1b79,0,B
bfa844bd-9d40-48ae-aa06-47c396ef4d0a,0,C
59fdca29-eec5-4ab3-80b9-681a638d2b0d,0,B
4fea0bdd-c2a3-47be-a408-f030a00b95c3,1,A
002b5346-b8a6-4a92-9fee-a58c541d139b,0,A
5f4d5b36-9dea-423a-8f1f-b89801a9bcbf,0,A
53707c20-a19c-440d-8e7f-395b6a146ff0,0,B
6b1a8177-213a-4025-9041-2df773e529a7,1,A
50926b28-cef7-4302-bfce-324f4f9f7575,0,A
036a2bd9-39ae-40d8-be36-94364b7ddd42,0,C
2cae4b47-5fb4-45fe-8420-901742fcf003,0,C
a10cc194-2fde-4cda-bd1a-8e82ffcb9f2d,0,B
bf242caf-896c-4e4e-a967-d191c8849311,0,A
83b47be7-8b84-481c-a6f8-de817f6a8db8,1,C
eb6b0249-c666-4748-a36c-c73697272880,0,A
f1548e96-0d91-420a-8540-f1828261393c,0,B
c8abb22c-72e4-4891-b373-a0e8c4206a8f,0,B
dbe61a0a-f054-4863-9e76-8e9a3d519b9f,1,A
4c7e7e6a-c3ab-4ce4-a037-8caba3288f5f,0,B
9b6e1af6-5aa5-4071-ac8c-32af2a03ab70,0,C
d248717e-e790-45bd-97a9-d990fa8dc0ad,0,A
88e9e65c-7379-4550-8441-427bf30824af,0,C
c8b5f2fc-1c58-421c-94eb-0a64a7982f94,0,B
11d69ab6-4f92-49ae-9232-5ea8f95a13fa,0,B
46091557-ec57-458a-b988-7c65e241e987,0,C
d59b3641-3e41-4db2-881c-5869a5f7818a,0,A
c539ba9e-50e9-4006-8be1-17c16ae1abcc,0,A
afbc9f80-3f9e-4ee8-bb0d-730e9fa7e661,0,A
a0145c98-ebb9-4378-94a8-6c7bd2790785,0,A
8d687d78-fec2-4c17-b06d-f4e18ee47b2f,0,A
885fb766-6445-45c4-9ef7-72339df25722,0,A
72d41517-85e4-4ea6-b9f0-529196d367dd,1,A
fb8c5f70-8048-4bdc-8aea-8ede93e74a39,0,A
f50a4646-b7ff-4414-ae80-93e1982659b2,0,C
2f88e915-6a2a-4023-ab33-3c5923f54125,0,C
7a8c2ae3-752d-4eef-a540-db0241cc7ba4,1,B
0e76d6d6-2c23-4c4b-b975-d78b2e84003e,0,C
5fecf540-e512-46f8-afe3-2a4ef4292b6d,0,A
72aed23a-ddf2-41b4-8696-812be0498025,0,B
3b08b097-17bc-41dd-8d46-39b95fb0a081,0,B
5acbbdad-110d-47cf-83ad-b22f805505dd,1,A
64e45506-91be-4d9e-9197-3acf100146af,0,A
e04806a4-cda6-43b2-ae28-0ddda59bdaf9,0,C
4d17cd66-c27f-449e-82e4-fc40975f6da0,0,A
c1521ebf-b8f5-4a10-8c1a-9d1e734276bb,0,B
928b3827-c773-4265-8229-a473317fa0a2,0,A
555bf425-9fc7-4ad8-a850-1ffdbf66b5a0,0,C
a7e93870-cc17-47ec-a521-428d9e9497be,0,C
91695bb9-b247-44ee-8c1f-55ec1cc8039a,0,A
dbdbe6f2-137f-4d74-8438-9a755a335c99,0,C
93ec5e28-f269-4a8f-b790-d262781c224a,0,A
6f34fed5-ec4c-454c-a25e-0a8aa12dea92,1,B
a86853e1-c822-46ba-b875-2f28db056161,0,B
0b6c57c7-f805-432d-a049-58744371d3cd,0,B
b3fa46f0-d156-4dbb-93db-52db158259c4,1,B
1d780587-c74c-41b1-8955-6417e283f653,1,C
f547c649-8ff1-4643-99c4-f5d8ac213e63,0,B
10122e69-274e-46bf-bdcf-b0940871693e,0,A
e824be53-8283-4f3f-ab90-9237c16e7f21,0,B
9de3663e-d425-4489-a4d6-f555fea0b046,0,C
51a25388-d39d-4697-8d10-99cdd39ca430,0,C
c91afcf9-32bd-497d-8427-0a12e37cb85d,0,B
0f234642-c2e6-4cb1-b3b2-7fd121c121ba,0,A
80dd8e4a-9c9b-49b5-acf4-186695bd45f9,0,B
40cb95a0-c119-4ae6-aca1-d16f322ed137,0,B
db05a10e-2737-4327-935b-a5dd26c343bb,1,B
b7b48774-d7df-48d8-bebb-529575c8830f,1,A
4755324c-2d23-47f7-a9de-0a06a74bcc1f,0,A
56301c4c-5101-4fb9-8c45-9cadca96fa30,0,A
367db8d9-7987-4e0f-841e-f83598e6a833,1,B
2b052df4-0a0c-4847-8b9b-e4a3607e90c8,0,A
d3005ba6-66d3-4487-bc8b-2b7e34da37f9,1,B
d45f30cf-53e9-4139-8090-ad7c29d03795,0,C
df26b16b-41e6-414f-8346-36ced8fdcd37,0,C
1b3e9f20-9b26-4d2a-8389-d9b37d772423,0,B
ac3a46b4-5573-425e-82e6-b7220981dcf2,1,B
11641903-13e9-4034-ad5e-97e3b1f1b2b2,0,B
a93be25f-8b12-4fef-abf1-8f02dd955a1f,0,B
fb8a459f-8b4e-4014-8525-43f5f7958309,0,A
e579e952-74cd-4583-baca-77013c409eb1,0,C
48a7a9b3-e397-47c4-8fb2-e9f3e71b6db3,0,A
78af73fd-532d-4d04-9c5e-87ab57dbc1c7,0,C
82707ecf-5094-4674-b0be-7a069f6f70c4,0,C
5fcdb0e2-ca9a-4324-b870-cc064d69949a,0,A
701c46af-a65c-43af-810d-63dcf3790f23,0,A
6741c02f-0fc6-4e35-abf9-8650573a5311,0,A
cd025086-7ec5-49c3-bdcc-7eb77999405f,0,A
1886aba8-2f14-41dd-9f62-d82e1e213743,0,A
81961b61-87cb-4e8c-a984-f9bb24028402,0,A
b7de77ee-87e8-4b6b-8c99-f2e630e0023e,0,A
133572d7-7c64-4764-86d8-b549b480523e,0,A
1e79922e-acf8-49ab-8d19-0fb8637e3364,0,A
4228132a-efbf-4e8a-8be0-4fcf3f6ced4a,0,C
9b7a2fb9-3696-4d4a-89d4-cc84cbe4e91b,0,A
b994022d-273f-4156-aece-cd504b0e1f87,0,C
5c160fd1-eee9-47ec-a51b-54304ff3c214,0,A
d8e30e13-1d61-4c4b-a957-59b2797a1040,1,A
c90fd43a-b152-4fac-a155-67b76bbc2390,1,A
02b683a8-86ff-4f99-9e29-f0ac4cf1a4af,1,B
3a8232f7-9317-4e7c-802b-8834dfae93f0,0,B
4d3fd542-ef72-4244-97a1-543c84f687eb,1,C
64663513-0110-4afe-a12d-843b1e8527e1,1,B
643b16eb-8e5e-4f75-8a9b-c8f54149f970,0,B
d6f29276-3da3-41cb-a21c-ee5834dfdd81,1,B
87d1a1fe-59bb-4807-998d-49a02bcd16bd,0,B
59c55b11-defb-4efb-9177-aab3fbbec2a1,0,B
8340a89f-ea40-44ba-92e1-9a3216bf35e1,0,C
685ee94b-d8a7-4a0f-8286-464a79b9deb8,0,C
7039d39a-16d4-43c0-a2ba-44e40e5c60f6,0,B
9b041561-b833-4a3f-b58f-86c9bd527c4e,0,C
0eb6845e-7326-4bbe-a255-7fca3e9d5d89,0,C
2b20d564-1c32-4684-9885-1c6dcda1c2d2,0,B
7154f4e2-8e5e-4c78-92a7-36113e6ef3af,0,A
12c3c2e5-6e64-4ea0-a299-adf5e120473e,0,B
e1182da5-713e-4989-81a4-d93be3326bb4,0,C
650b3b46-2fde-4348-b09b-a970aa4436a8,0,A
be4e9d55-45a4-4edd-910b-f51701c04676,0,A
a8e1383a-490e-4281-979f-1178c7ba25e0,0,B
1004b291-7d24-4347-8bd0-b9f5d62a7fc7,0,C
b45576d7-4a37-4ee7-b202-0ad06eb65e3c,0,A
1f71c5fa-f70c-428c-b901-a3877ea9284a,0,B
d678d65b-8269-43a4-b88e-221ac87c3d73,0,B
14720e0a-00f1-4b4b-a527-c3dc8bd790cf,0,B
a5d5c5b3-5227-4ced-9342-4fb9f10aa1a0,0,C
2bb54fc5-75ae-4ecd-a223-c70137725c33,0,B
2e6ebaa9-f84b-4fcd-bea8-ad42364ac4f6,0,B
cea0daaf-28b7-44ab-a225-cabe0513fd65,1,C
1005fab0-e1cc-4ca1-b381-9f2fddccd253,1,B
3d1cfa6d-c2db-4c20-b86b-9f00b75d9a79,0,B
f522da7f-488b-49d1-8b1b-f5d5c0573ff5,0,C
3a261700-e6a2-456f-a4d6-4618347c2ded,1,B
270bc849-22c2-4df1-ba9d-e6128efc5fb0,0,B
bd5e96d6-f1db-42fe-9b2d-e8a694f86a1a,0,A
c565ffa3-6988-416c-bf4e-dcb25b74e772,0,B
df279fe6-ceee-442d-8b41-b59fe380f45b,0,A
bec890ff-5869-4ad3-b32b-141cb60fd03a,1,A
0b04e6a1-685e-4c52-8518-2f85494217e0,1,A
d3d8d9b7-8358-416c-91a8-aea202a7ded6,1,A
115e30a2-93a5-4341-b704-831aa429b9b2,0,B
bf211baa-8db7-46ba-9ede-839102dd785f,0,B
22bb3618-8f6d-4c2b-8080-3f1a4bf40897,0,C
be2f3d54-dac0-4265-b87d-d1e36e0aa8e9,0,C
276e1460-c94b-494a-9ba2-ee312dc0c0d2,1,C
911bc170-bf9c-4642-a3ef-2064f8a7d83a,0,B
798f23dd-daa1-40a4-a89b-064b0ec073ae,1,C
7808c2c9-eed1-4aac-9907-08391c3b1fa8,0,B
d7fb8ca3-77bd-4e36-a351-d2c63db5c635,0,B
8355cec1-fe50-444a-9cd5-5a821e014ec3,1,A
8f8b814e-5561-4040-a4ad-37e55e8041fe,0,A
f4afe718-b689-4df4-96be-8df225f215ba,0,A
b968c758-0d1a-47e7-9bd7-3402d8ed3ef6,0,B
683d59ea-488d-4728-a56f-8ab34ea430f1,0,B
7aa56cb8-961b-413d-b7d2-bbbfcbb259ad,0,C
61e90410-e01b-41e9-bb5a-ce1cadf111a8,0,C
ae2e69e3-f0f1-4f83-bd3d-3fd821237248,0,B
7cebb63a-eedd-4e6a-b7c9-e100a72f2209,0,A
2f2e9442-b447-4d1d-97ab-9165d0540747,0,B
1c66dad5-5f07-49f8-99cf-7218ae9410e7,0,B
04349051-988d-475a-b5f6-7da384c3e2e2,0,A
22aaa231-38d3-4cfd-a67f-2899f162ef19,0,B
d49fd882-f155-4732-9fce-5f7a3aac5b2d,1,C
c6aa2c57-e8ac-4ab3-bdb0-e788ea640eb7,1,B
ebfef67d-b395-4e80-b6c7-c4596b649a8b,0,A
768ffd12-01cf-433c-b0cd-4153f4cc1786,0,C
c603849a-96c7-4481-b9b0-fc40cbd017bb,0,A
2da64b73-2244-44bd-b196-dc0c4382e513,0,B
a3dc325c-8dee-4f6b-bcc1-3707730afbf4,0,B
d1711f68-e7c0-4e67-8ee4-de395fbc7baf,0,B
62e5cd13-2aa7-4354-ac79-eec419b108b2,0,C
15e091b8-0172-4f04-96d3-110ba785d9ef,0,A
a9b91b98-cbe2-460e-8c39-687ca23f9f1e,0,A
60a4176b-ee3b-4b7c-b395-1ab894cdcca0,0,B
e8298227-b079-4ae7-a333-430bf4c70a98,0,A
1ef820f2-4f68-4598-86a7-a675f00477f9,0,B
9b918db1-9b24-4ee5-82f3-f448d1c40889,0,C
438e0db4-0e66-4514-9fe9-cc771f9616e5,0,B
f527742b-2e52-4866-989a-d5a808df2d1b,1,A
c404a9d2-8cc7-43e2-83fc-d18f5cf35a70,0,A
d33f08bf-be6f-43f6-a165-d5dd2e01e89c,0,A
ac82863d-664b-45fc-a4c5-606450026563,1,B
19cf6a30-24df-4217-8fcd-c62222bfad29,0,B
ad29066a-c7b4-4cfb-bbbb-d557cf717a1b,1,B
b84e4e23-8be3-4d8b-ad3f-f7511eea5bf0,0,A
d7bc3e51-4f1c-48cf-90e4-43ac3a5b6481,0,B
42da9788-c413-48bd-8678-766cc4df7ba4,0,B
5dc31dd2-6f87-4b03-bf36-7aaa0819d837,1,B
d516307d-b0de-4731-93d2-25c1ac700446,1,B
76a75c55-5f24-4487-ba17-174c379523e1,0,C
f77ab860-c556-43a8-a422-f5a605df2f95,0,A
d294be30-a2d6-48d8-9ba1-47eebc2ce2bd,0,A
51460c68-3065-476d-b8a1-8c589753e661,0,A
8dd6fa89-c801-446b-b106-bc3ef5f95347,0,A
6833a558-3369-49ad-b740-24ea2275e38f,0,A
dcd43c52-527c-48b0-b2bd-84045af6bec1,0,A
93010b03-5632-4509-8440-060880ee96c7,0,A
f5b0d625-c76d-43de-a197-10ba48470aba,0,A
413a2eca-d982-44f1-b46e-d35e0e9d7103,0,A
391aafdd-fe82-4785-853d-19e0ea12d276,0,A
cfec5425-f2a1-4260-8096-791fbe5e8f84,1,B
fd96fb3c-7c1e-4e28-b8d8-c7830bf4ac2f,0,A
1b897958-0baf-44dc-9b31-1410f598a666,1,B
bac9eebd-af01-4e71-9bae-29e5329678f4,0,A
ce7bd204-b799-4cb5-9c01-b84fb2e35c4c,0,C
1ad7f5ab-2cea-4e3c-a4ae-d21b60c7189c,0,B
32544792-5457-4ae9-97bc-bba918a3f08a,0,C
7e5ca617-fa9a-4220-b6b8-329d8dbc5297,0,C
c1b9f8ce-d7ca-4581-b395-c911c3af4c07,0,A
f2a26432-350d-4bdc-bf14-e11acfd9dd2d,0,B
bbc7614d-6ba0-4beb-89d4-994602e72a8d,0,B
5536de37-1eec-43f0-9df9-7cb38127970e,0,B
87898b2b-bd3a-4702-ad6e-f259b39796f5,1,A
0d760344-d29e-49e2-8fed-bc3d8c833198,0,A
843362bc-1154-4efb-a310-e5d8d0f6e575,0,C
25466573-f753-4b54-9846-591020b36a9e,1,B
82984593-0668-4179-a36f-981ede5aa6bc,0,C
f793fe4a-24a2-4ccf-b468-be45876b3c5f,0,B
d456acf9-dc29-4e47-9312-874c10f0b898,0,C
e04313d0-51b4-4f88-bf29-79fce6e25994,0,B
a21305de-c964-46b2-970e-023be02cbf62,0,A
202b363c-30e1-499d-b68c-1f9fd6d3507a,0,A
a839545d-8995-418f-ae75-39d6f04c8787,1,B
03a7267f-a1eb-4a8f-9108-d3495c36d808,0,C
230e8671-4196-464f-9df9-ccd34d72865a,0,B
5614abac-3b69-4cd2-a9c9-d5e296a4427e,0,B
eda59589-6d06-4465-ba2c-76c3d4db34ee,0,C
dd9aa0d3-1d70-4707-839f-a4c31e8d2385,0,A
8eb9a9ba-3d6e-407d-8353-421a19383f0a,0,B
99a36001-5d52-464c-84df-ae62ce157f47,0,C
77dfb216-d485-4755-9da3-090035f691a9,1,B
0606620d-ddcb-40d1-8bda-c470464247f9,0,B
5e998b5c-1043-4422-9771-4ad0d4f6887e,0,B
3c40d5ef-da1f-4afe-bac6-2250adfd2d21,0,A
d03e36fb-016e-440b-87e3-a248edd7ad27,1,A
3144045c-d7ce-4beb-9fb8-f569fef68665,0,B
8f6f6ba4-949a-4cee-b9a9-588573f85640,0,A
1773500d-d27a-4ae9-95de-f387bba60ad2,1,A
2cca8b2c-dd8a-4802-85d3-edcea9b3e891,1,B
7057834d-ff5b-4bf6-b211-da590d2f5d20,0,A
cd24d9d0-8021-421c-b7cc-706e5197b79c,1,B
5613db24-bdb1-4753-b11f-4846cdf2f537,0,C
6dbdc3bc-b16e-4ca0-9a00-00ee18b2bbda,1,A
5cd9de45-c2b1-482b-b231-c563d2e36643,0,B
26bbb6fd-df14-4f65-9f6a-a0831db1a851,0,C
908dbcd5-8bd4-47ae-836c-88fb50249109,0,A
dd77d0a4-c35c-4e36-867f-339d4f114c2e,1,C
bd80c3bc-2d67-4e00-b786-6212998e3236,0,B
2b72d2c2-da00-4963-8115-397eb0c3d736,0,A
717728c7-22be-45da-a93d-714e7ff51000,0,A
bb26e4cf-0bfb-4d09-a95c-5dc01d5d3446,0,A
f751067d-770c-4b42-b819-0101855f6a89,0,A
41dbc38a-cd02-47ea-9453-fbf8674cc1dc,0,A
7f444af7-a213-48bc-b65b-274bd9779810,0,C
6205feb4-c2cd-4b5c-89bb-dfc3fe9920a1,0,B
4b2369d7-4dfd-4b8d-9902-4eb540256f54,0,B
54d0ce6c-5fe8-4aaa-a7aa-16dc81e0da24,1,C
5ae28947-a174-4220-8203-02fe339841dd,0,A
41c98231-d948-4d51-b538-be241a0dcdc0,0,B
53846e78-5dab-4a18-93fc-ed9aa73a3753,0,A
8ecc637e-b722-4556-8398-956aad342520,0,C
aa088de0-9111-499c-80e8-96a4001a6f0d,0,A
62bafa32-41f8-4813-a3fa-88dfd29cfb73,0,A
2b5222de-4f02-44cd-96bf-f70a53791e2d,0,B
9370ca28-6833-496d-837b-07b1f19b0c5c,1,C
69720b3e-07a2-4d37-9c11-467609543eaf,0,B
693d4107-f6eb-4529-9273-0bb5790737a3,0,C
c146f69c-bffb-44dc-84bd-faf9360144cd,0,C
6c86a4d5-efe5-4d61-9dc3-59690ba87d1f,0,C
ad03898c-0ce8-4b26-874b-698b64947e11,0,A
0dbb0f31-87f8-4d30-94d0-9fd30c2df67e,0,B
5ed7a569-af42-4ea1-a4b7-756c9d02d467,1,A
ac856431-0d82-410b-8636-b86dca8a29f8,0,A
6e5400a4-c0d8-4927-b1f9-5ad3f28fdef3,0,B
9eafdd4d-4991-4532-9a8c-901bc6e9dda9,0,B
668f9248-2ca1-4eb7-9de6-0b7ddfda7272,0,B
90f95cb3-dab9-4c00-b22b-d2f8cb46f3d2,0,C
7ac3a8f5-6cc9-4a9a-978c-7392cafdd5d0,0,B
493bf930-2fc9-4dd1-aa81-cc3e9239b961,0,A
991d7293-0e5d-4f3f-894d-8f864cdbbd5f,0,A
652bcca2-b52f-4478-823e-724a1c91cf65,0,A
4c04e01d-185a-4846-8ebf-af4f6a26b30c,0,B
5f611d75-40de-4045-a6af-20e81cf145a8,0,B
cd7031c2-a7aa-4fea-92d9-eded59f73d19,0,B
d68f17ba-664a-472f-b22e-84e7e5b62fca,0,A
da846c79-e681-48e6-bf07-d99ec1fd6c0b,0,B
96cdd24d-a68d-4cf5-b06d-926bfaf7a038,0,B
44d07ab2-0cdd-4fa5-9f05-574d7416ab40,0,A
abdc79ab-38d8-4075-a969-d92fbbf38f88,0,B
87bd0297-dfa3-4439-b611-35c42232ed4d,1,A
67157fb4-bef7-4c72-8f15-a51040b7fa40,0,B
25d05e20-b22e-40f8-afa0-730e784ebfbb,0,B
692030df-731b-4e5a-b5da-25266ad51c2a,0,A
d42e16b8-f0fd-489e-ace6-d8d327265939,0,C
00c1a1fe-1f70-4078-b7d5-e56b65d28e1f,0,B
857a0de2-816e-4519-8162-1153adc42692,0,B
0abb1267-2e87-4a6b-ae98-9c667d88a14a,1,B
90e2fee8-cea8-4399-9d26-edc2bd4b067d,0,C
5841370f-af41-4fb6-8edd-3f470b250812,1,B
14adf99e-4503-4e7a-8127-02f9ec2f91d1,0,A
01d579e4-1f3c-42d4-8469-032169b58df8,0,B
2ce75bcd-5ce4-48dc-83a5-4cfb36701dd3,1,C
2be50320-2a1d-4073-a96b-50b4394ae4c5,0,B
73244b4d-700d-4fd0-b986-b8236c0a2c9f,0,C
186eadb6-dc0d-42c3-921a-538320cb1978,0,A
f623ccfd-b38e-40dd-957f-198372741728,0,B
987e6487-a245-4f18-9f20-42b8db717c1c,0,C
54665e84-4bc0-4642-9d4e-5ec09a9e8e30,0,B
635054ec-0b9b-4980-b1a6-c89234c5960d,0,A
45fa2f6e-d25d-449d-95d3-25bd736ed8e8,0,A
2ba9d7c7-a4ce-41b4-babe-7df1b9e7396a,0,A
1b7d57a5-e5e4-42db-9815-aaf00b7a33bf,0,A
9a63c8d6-9021-4f3f-9af6-05ecdfb42ace,0,A
28b7e82f-cc19-4da3-9087-3047d4546f3f,1,A
0fa4499d-cfcf-4975-9f92-88f177d1e55c,0,A
a5185d52-79be-4975-8b70-986b502408aa,0,C
fd832efa-8f8f-4726-bc5d-9ace6a11d7cb,1,B
2579a803-80fc-49c9-b7c3-e5b6a006c8c2,1,A
a52a7118-d22c-4b83-9e00-23d5a119661d,0,C
2277e735-6706-4656-9965-74cce1920d7f,0,C
313403e8-98e3-4cbb-a178-89dbc6d4f859,1,B
6c9c3a6c-944b-43d3-8bf3-2762b49a2852,0,B
1407f7cc-fdb1-404e-96d1-7573f7cf04eb,0,A
350b7648-d516-4c7a-b337-67026916ad16,0,C
8f49438a-5a03-4c6c-b739-238fa9e155df,0,A
72cb2db7-657e-4005-b9f6-191589b4f2de,0,B
0259c0fa-3226-4c65-94a3-93e1d27c0603,0,C
e4da6c31-9407-481a-869e-9cd7c9d8d1a4,1,A
75d403ba-fce9-455e-bf6e-6e307a0e7053,1,A
5c492715-ab58-4748-9a26-41e5431160b9,0,A
20e73026-7cb3-4398-bca2-dc97afd6fc4e,1,A
54ad4260-596c-4974-9c48-7024522cc4b8,1,B
1f159730-9819-4ef7-aaa6-9aa98bdf17c1,0,C
6ab692ca-6715-4be2-bceb-ccdb4f8c0e9b,0,C
1c20c5b4-34fe-4e8a-9599-274a29134ea6,0,B
d4772b10-0602-40a7-82fc-7cb6ce420629,1,C
6bbfb5a1-011d-4b67-9256-2b5b2bddd155,0,B
ac025044-e018-4f01-8a5d-2776a61b7a45,1,A
4c174e6e-322c-4e54-ba54-cfa7853b4bf8,0,A
9f075bb2-0634-40ff-a4c9-8b76c43366c4,0,B
e7d2c72b-3c46-4034-93fe-47bf63e80bfd,0,A
3a2dbbbe-368b-420c-bb5b-4511fd8a82d5,0,B
8cdd3022-5a9c-4a6f-a866-3f6b5faaf794,0,B
35a5ba8d-2ec2-4522-85f4-3b298594019b,0,B
0609c981-417b-472b-9651-5599fa1f67e0,1,B
91aafbfe-9b08-4a2b-af76-e63fe5e89d4f,1,B
ac65ac33-4970-427f-9fa3-01c3473668cf,0,A
ac16498e-2f47-4284-84c3-4d84ff48a112,0,A
f1b937ba-2235-495e-8701-0cae922ed5ee,0,B
7fa448e9-9563-4e16-8fc3-f5cc77b6682b,1,B
1aaed341-9161-45f5-9551-a48cfcdfed1f,0,C
50f231d3-e9c3-4e5a-88d9-d82d977b0320,1,B
91521c69-a05a-4b8e-833f-97513265e9b6,1,C
72cc554f-3567-42b6-b47f-38fc070c811b,0,B
70bea761-f023-4cbb-9938-f68bfa8141b6,0,A
167e1963-b078-43be-964b-11fb0038255b,0,C
4ae11f19-a6a2-4452-8722-77a6e9b14082,0,A
0f39c432-63eb-4741-bbeb-6fcffb617c09,0,B
79f3f964-e56d-4fa6-af9c-45315c196cbb,0,B
3b0db501-df0f-4dd2-a74a-ea48766051f2,1,A
163c06fc-4dd8-4598-b097-0cebc9b18038,0,B
8a52053f-7cbf-4e2f-b6e0-ba765939eee4,1,B
310d61ec-9253-436f-8ac7-f9a1ce00284b,0,B
3ae2e7fb-97c3-4763-8430-7ab9325cfef6,0,C
5165c1cd-bc63-4216-bc0c-74dbe2ea739a,0,B
f64eb2ae-0a6f-4b36-a157-526b83a5ec5e,0,A
ede15057-36b9-4543-9d6f-29ef48099c2f,1,A
8681d0a7-dd0e-4ea8-8935-d0aa2cdd80d7,0,A
ff658e91-f6c5-45c2-92fc-782284bb9ed4,0,A
0ca09256-2ff8-438b-8ae0-36a9aea6cc0e,0,A
3bcd0d93-c509-4c3b-b618-51d76f23529b,0,A
51d044a5-fe18-482e-bd7c-a8feb7eebcf2,0,A
fe8aed3e-53d1-4b56-8bff-0ac92c2c1c4c,0,A
f7ca2e71-a126-46d5-95dc-32153c6b2b0f,1,A
e076287d-113b-4e9d-88bb-2029c3bf818a,1,B
8dc8e791-2334-4b7b-b428-231cc6c23735,0,A
27995190-1d2c-4636-b2e0-40c36f7049bb,1,B
35f17cb0-c8cd-4e1e-a190-0281df4d2ed9,1,A
74b18917-54dc-4e10-8aa7-07dc4ee45788,0,B
a1bda9eb-83a7-46f1-b1c5-84c5fa65d690,0,A
39a6dc6c-ac8b-4874-99bb-f44c058e2c40,0,B
d8832208-1b36-4cba-9ee4-929495fd3995,1,C
20e01cf4-9a6f-4fab-8f6d-dc36af2cd144,0,B
c232cf85-f52d-4733-86fd-79bf879ee414,1,A
62b65c6e-e454-4ec8-832a-5f8500c910dc,1,A
28a8b008-f125-4cdb-9d67-ee01a541aa75,0,B
4f58b9f0-1e8d-4904-96d6-18f788174ab5,0,C
eae2dc92-cca9-4784-927e-90fd797c4a5d,0,B
8214466b-d65b-43a3-9792-0bbc51832720,0,C
f4070b39-6c5c-4602-a130-1596b81b05fd,0,A
40016662-722a-497a-8102-302c7a566809,0,A
c8840560-70e9-411c-af3d-7493fee159d9,0,B
f61ec2a4-43fa-4a6f-acc5-d5e2912bc2de,0,C
395ed1b8-cb73-49ce-891a-91814b68cf1e,1,A
0101148a-3ff6-49c3-8930-19d291ccf942,0,A
533d9368-1d1c-4f4a-b79e-3a3bc678396c,0,A
c06d15f4-4be4-404c-a6f1-921b2d3723a3,0,A
5f974a11-7eed-4965-923c-dad4c2c8e2d8,0,B
fd01f308-d11c-4f52-bc13-68b205c8fb77,0,B
42b0c862-8796-4ce1-bf7b-71c078daef10,0,C
06a9fbdc-0c9e-43ee-be73-1c8a6c890ded,0,C
768c0e1e-9b28-4f4a-a48c-19fa2242b0eb,0,B
007b40ee-5deb-40fe-8257-242f0fb0dfbb,1,C
2c6bd757-ca3c-4b2d-8509-d838029d82a6,0,C
6412fc4c-ba12-4617-ae9c-22be5bbd0774,0,B
6bdea76c-19a6-4b05-a578-9f63ac1859bd,0,B
4c87beec-eed0-4879-b657-c2c2a1f1be97,0,C
a4a703ee-b2cf-4d64-8520-a235daa4385c,0,B
73c11f90-40a4-4cdc-8a8f-6c3d7d051d7f,0,B
dee842e5-ca18-4785-b135-87a513c0af9e,0,B
5d7aa726-f0ff-4777-b262-482022181df2,0,B
af57d6bd-022d-43f3-9ea6-454eea853120,0,A
94b33901-bd8b-4678-8f19-760e5bf43bfe,0,B
3528cdd0-67ad-4b8b-a5b5-855a933c1c66,0,C
b5cb7d5e-807a-4743-9e9c-1bdc939ade2d,0,C
e9260040-6a87-4a02-96d5-f76012899142,0,C
0318ea17-c2bf-48fa-a8da-c1907724e0b5,0,A
020ac7ce-917a-43ab-ba5e-c112e16d2fef,0,B
14064918-26b9-4f82-b13d-1c0575bcd421,0,B
4be43ea6-f485-46fa-bf9e-200b6dc6a520,0,B
8543f8ea-aad0-4888-aca6-269363acb21c,1,A
3ef20146-b871-4c24-96a1-e56905b33d98,0,B
16091a8d-53f9-46dd-b99c-4be85afacdc2,0,C
19412b5d-d27f-48c3-8997-a26fa3090f54,0,A
27dc9e5f-39ac-4c6e-838a-0ed4e4873f21,0,C
ae4536f9-7acc-4fa4-8e44-e2b4dd458c76,0,B
4d0ad5b7-3643-41cf-8991-20bdd67b2daa,0,A
2ce1c178-28ea-45d1-9c9d-dd7d4ee61b3c,0,A
c9bf71c2-ecdb-4e7e-a966-251ef6e176d1,1,C
6690e765-4f32-40e3-abb7-d198c2065471,0,C
9c69b291-a931-4a77-9195-2b1c79d12c77,1,C
fc5de618-6f34-4330-bc93-76dd91f6a1d8,1,C
a87cf353-957f-4a03-8e93-dfd6d84c41ab,0,B
8a19a758-abce-4878-b4f9-9d9495732862,1,C
b2d4bfe0-c3b5-47ea-9208-5f2eab3d6c47,1,A
85f6ef74-6012-4cb4-aeed-2cd6e3d603c2,0,B
03eecb67-d1dc-4479-aa38-ad1e3c19f4c9,0,A
ca715652-e309-49a5-b9c8-7c5d16f7dba5,0,A
4fb30fb0-76bb-4baa-a2fb-43c4304f5b79,0,A
9e8fd101-6069-4eef-834a-756f8fc82659,0,A
c0929f49-768e-4f73-b7fc-6a56f8ca1d62,0,A
0b938d94-5d2f-409b-8567-01cb9a6fb7d7,0,A
ffdd74e6-87e8-4d3a-88ae-39cd4799aef0,0,A
3b6c3d50-12dc-4d97-a416-15395021d6bb,0,A
e0c421ad-95f0-469f-82ff-cb39304a1f06,0,A
8a365c17-8405-4ec6-bc5a-36dcc4a65c6f,0,B
e17a91d6-cf39-4d8f-ba3a-d18643b9b245,0,B
086ba8d9-6cc6-4dbb-8f99-28aae3c90424,0,A
aa9857fe-f415-4d98-8462-18e607044476,0,B
8ef9619f-5509-4be8-964c-bff343ea2c2f,0,C
0cd27753-7324-4bcd-9c12-6abcd3cab92b,0,C
30fa8b97-469b-4747-a460-95176ed82661,1,A
3c526b04-a1a6-470c-9c65-2413fe7da127,0,C
8897647e-775a-4e5b-943f-e0d5ea781457,0,C
e728144b-011a-46cc-9288-ede18b6460ab,0,A
b3372627-eba5-4084-b3ce-480c41d9f41e,0,A
63b86ff7-cb08-4bc1-a306-693692d75cd1,1,B
212364ea-49b5-4137-ad71-54ff8d16dbb4,0,A
cc22eb95-b285-4d60-9599-31e59f069061,0,B
83a874c2-17a7-45c5-be0a-080874379187,0,C
59796123-9eac-4aa2-ad37-0724fbc47400,0,C
56905904-4eab-469b-b3dd-f3ac1bc7f045,0,B
b0283441-5cc5-4b11-9d2e-1903f1b92191,1,C
8fdf3869-fac2-4fa7-ac61-7fcf5f4fbeff,1,C
cec339f2-e6b0-4575-aa5b-30206dcfc4d0,0,C
d84726c3-bc0a-4833-9b10-dc827d5b5973,0,A
3361e130-2cc4-4811-b16d-99e589907612,0,B
5f9954e5-a9ef-4a6e-8d6f-a1a941c9802c,0,B
ea364158-4415-4a86-8267-ce77ad6e00b0,0,C
0f9027e8-a4ff-4191-99e1-75c475443c9a,0,B
5bf61f44-c16c-4771-bbf8-b4d0843f462b,0,B
d810868f-28e6-4940-af01-b11c8ff34b41,0,C
096688b6-8816-445a-bdcf-0848de1c992c,1,A
dc85e720-cbb2-4250-aebc-346e8ce8b795,0,B
731bb80f-63fd-4106-b175-759ef82b73f6,0,C
8ace3953-9bb9-4489-8dc7-38454adab347,1,B
f2d03468-ccb3-4255-8f8d-4e6a1baaaa47,0,B
ce1405b0-981f-442a-8385-f84f8c3fd785,0,C
b76f6a18-9dfc-4f05-b2f5-f0cb7c18056b,0,B
424fc967-5e61-4e77-afd8-619b03cec9e4,1,C
aae33cf2-6774-4576-b7c6-01a3cf16e269,0,B
63015ae4-f7dd-4347-abc4-651dbb034591,0,B
4604d0aa-078d-486f-9a57-179337f5cb4c,0,B
d83f724d-4517-46df-910d-a2ce6643bdf8,0,C
a0e951b8-aecd-4fc6-b03c-93a0cf459dd2,1,B
d0d4cdeb-77b3-41e8-b343-a589ce1a982c,1,B
e96c3071-85b5-4d50-9755-1917a571e8e7,0,B
faa050be-65f4-4af9-b8e1-6cdef8e022ec,0,B
81b8f131-9b23-4024-850b-867171aa8936,1,B
be1c3cb4-e9a7-4cf1-89dd-8577690c01a2,0,A
c78d8f0e-06a3-4543-bfb7-e9c0fd0f84dc,0,B
43c7bc97-3b77-4a63-bd29-6a7179d8dd5c,0,A
bbcc397b-412a-427b-b41a-d634eb4d5c21,0,A
9406c523-1582-4bc6-aa5b-7b17ec083b9f,0,A
7c1a9d3e-16bf-45b7-828f-fa36a736483c,0,B
3d5b59a5-a87f-4d7d-9e51-2472e62e330b,0,A
acd2932a-5cfe-4c9f-82f6-3c54cd1eced1,0,A
e82c415e-4609-45bc-b6c0-f3768471585a,0,A
838823b6-94da-4186-bce4-162236f524bc,0,A
8e20dac7-23df-4a9f-b5fc-8fd7260c7474,0,C
fa46d408-6062-461b-b130-9308b4697347,0,A
1d2a8f6b-500f-46f5-b95e-156bd5464cd3,0,B
670283e1-d6a3-4ccb-9c6d-c0559ef0e3da,0,B
e1abd49b-91b3-4408-bcf6-08f68cd6122f,0,C
4cf65721-1057-4519-86d5-627e324128e7,0,A
9f04aa6a-c2df-44a1-bd45-1e700e4f1778,0,C
0106a79d-7604-4efc-8dff-9f14e87d102b,0,B
56da0782-dafb-42a1-8060-02d0a0f9f34d,1,B
2d17fefc-6c45-4cfd-950f-dc0f714531af,0,A
3a0bcdcc-7d3b-4c27-bf19-137c87bf6d9f,0,B
8146e1b1-22dd-4cd0-ad02-917f132b87cc,0,A
4ec10eab-f0b0-498b-83bf-8ab03d8cb151,0,B
5a27c197-99c1-4cc5-a584-909f83a74905,0,B
d16d368a-2c00-4be3-8641-b56b33009a41,0,A
962524e3-9b93-400f-bb4a-4d8130908c47,0,B
433eb00b-a669-43d8-b189-948eac777f49,0,B
1ad287e9-09d5-42cd-803c-c58b67821ebe,1,B
c073caea-62cd-47f6-8c3b-4cd188bcf99a,0,B
04f8efde-0239-4c07-9437-c18ab117c659,0,C
f5867f24-3658-41b5-8f22-293faf4d0a02,0,B
208a75ef-271a-44c0-9df8-e7f12979556f,0,B
b74d8753-2f37-4562-9533-87d33dd5f339,0,A
3eded38e-7d5c-4d38-915f-32da22a6269c,0,C
c254ba6c-34c5-4fd8-bce9-6ecf43c43794,0,A
36f9299e-2f44-4b3c-85d6-1caa2b3b1e49,0,B
32a4a2a7-a290-411e-b1a6-6c624a23d5a9,0,B
924abb0d-a214-49e6-ba8c-dc9595629eb0,0,A
0b80d751-da4f-4adb-b3af-0fe9dea4606a,0,B
774a7362-c33f-47f9-b982-22975674d6ca,0,C
8c927a86-6846-43e3-bb69-141e91ba0eba,1,B
149b4ea1-84d5-41b0-8951-944dfe6d17d7,1,B
bfe598ba-b1e3-47d0-8d06-41f81fcb40a7,1,B
ebd4928c-02e6-4ec8-8e5d-efd177d3f6b1,0,C
39abb56d-6cf5-49eb-8a24-fa6f4f8a6bb7,1,C
0d14669b-8570-40d7-bd0b-3a737e830ae0,0,B
39b15d3f-01bf-4f66-bcfd-8328c165c482,1,B
4687bbeb-bbe7-4055-b175-6fd0831ff0cb,1,A
93640e44-66b4-4a0c-ae3a-379440f76771,0,B
01d51bbc-f81b-4f6f-87ae-55f0743e6cab,0,C
5a6638c5-0e2c-46d8-8dba-f556d212f6a0,1,C
301620d5-87e6-4f91-b96a-649e5aa6e521,0,B
499c922d-b0d4-4b74-b60c-a949a9e53b8c,0,A
f7b4c1cf-dc64-4a21-8e48-8e183c2f00b6,0,B
e2ffabb2-9e81-4fb4-987d-e931d606c220,1,A
4f178b1a-2c99-4551-bd59-f80662bea300,0,A
64a92399-111f-44dc-a3ab-5d43c5d3f828,0,A
55e0d17b-4bce-4349-9b00-6c1aaa2624fe,0,A
6b656bbd-2850-403d-86e4-7a73f85eacc3,0,B
8ca43ae1-38a6-45cd-b6fd-e21487e60740,0,A
c2c1f533-18b4-4583-9421-28e27c08deb2,0,C
19f71304-c00f-48ef-9bb2-318be0437bc4,0,B
4bba037c-d000-48c0-a6ec-2d9c51070d43,0,A
0ac682f3-7528-4891-956b-7bd370427e71,0,A
2097a804-5694-4262-9f1b-df8e6fed3c3f,0,A
6ed480c6-9006-4455-a387-2922df5e1a0c,0,C
be7a8f79-85a8-463c-81e2-941fd4b3b126,0,A
f1170375-0085-41f8-b0d7-0598b6fcc42b,0,C
b389ce2d-ac40-4cf3-b786-9bb7661d563e,1,B
f1395690-c579-4d90-89f2-f711d5677d43,0,B
21f81f43-15ed-42ed-82e0-cef727221216,0,A
fdb25d58-8ceb-4d0f-b938-e88cfc7699c3,0,B
1a72b634-5990-4826-94bd-587a3c0ae94b,0,A
fe7d0015-09fb-4932-9f88-f0456ff7f053,0,A
0ec29244-573c-4391-a093-052a133fa71b,0,B
e6cb1d51-000d-428d-b42f-28d5fe243ba4,1,B
74fb9f44-a2d4-4d32-8814-67ea47864999,1,B
98ad9436-f8de-4145-9e9e-80ef40546b57,0,B
3dd3c995-3948-4164-9488-07e9d26800e6,0,C
9bc323b0-0d06-456e-8c1c-1b67683aad2f,0,C
9e843080-bc6d-4ca6-a896-ab5f122fb9dd,0,A
0a146bf0-a907-4d48-9aec-c768ec6f9f1d,1,B
c8bc6b62-5cc1-4a91-8f2a-a12f933853d9,0,A
eeefb2aa-6b05-41d7-be73-e21aecf7277d,0,C
94914f69-2417-4238-b021-7e2b8625d2ef,0,A
ee706d31-c5bc-446e-846e-fddb33bebe9f,0,C
63b11fb1-740e-4a10-83f5-a685ab6956b4,0,B
bda4e3f8-48e6-4d7a-9ddf-f1541c281d29,0,B
aa38e78a-4838-46e1-a754-95dd6829a8c4,0,C
9111fdf7-466b-49b4-89a3-6bcc67ad4dad,0,A
bb72bfad-ee9f-4a3b-9845-01e1047f0147,0,B
0d03a913-71b7-4604-b083-1f3391486d4e,0,B
b98205f7-6c0f-464f-a7e9-c29fe6304d31,0,C
712bd9ae-e011-4c9f-b073-c5472df314aa,0,A
5ceb8c4c-21c9-4565-b81d-9bad0b3ae996,0,C
98e0a6a9-1820-4ebc-a980-1948ccf44549,0,A
fae7b213-b4a7-4aee-a355-7ed296f268f4,0,B
e40aa105-4b0b-4f8d-b87a-c2fa5cd05cfd,0,A
ac8256fa-d3ad-4952-9bd1-1a9140dc29d2,0,C
41ab64ce-aaf6-4f6a-8485-4deddc1c458b,0,B
9bd6c9c7-9db0-4c7f-b750-be36de089659,0,B
2d172cc1-15b2-4442-9fa6-82b30d77683d,0,C
88c77207-3855-4755-9b84-fa4ab0689e9d,1,B
db7ed895-7761-40d1-9dea-72167daaf231,0,A
98c9ae65-e784-4cc4-a2dc-0a1c4edc6032,0,A
b48833e9-ad7f-44f8-ae81-f4f5b1723e08,0,B
44c30439-8804-4f7b-bd7d-39a66e61385a,0,A
f8b8ab86-3a7f-4ec1-98dd-3c0211381872,1,C
c9e1d9db-1350-4024-a7d9-28a1cdcfa09d,0,A
1ac0dfac-951f-447f-80a6-4d6b24a99116,0,A
f7e35d71-139a-42c1-9f1e-a084a088e953,0,A
3b4bcc6d-e749-40df-91ef-7d23543c0ad1,0,A
f8d1fb97-0283-4379-ac53-edeabc1542f0,1,A
a8a11551-516e-41fa-94c1-6e3d79d25e88,0,A
30a76e24-bf6d-4b80-a686-8515e6f290de,1,A
ffd1c8d3-571f-4a89-a800-122746533c73,0,A
51193936-4cfa-4ba4-bc40-c2324b847440,0,A
99237c64-c8f1-432e-9c56-0c2dfad45402,0,C
5f246332-b564-4221-a103-ad3d50009a4c,1,B
2b90346d-76d2-497e-baa2-384af40d6c91,0,B
6516738d-7af9-49ac-b900-b192b768cb3b,0,B
43cd42ab-c6c6-455f-9ce0-b312fb863f4e,0,A
8acd0c1f-6ac8-459c-b6c0-11c26e4fcd15,0,C
ace1d16d-e7c5-4d2d-90db-0a265fa0a34d,1,B
e0b13a3c-6cb7-4114-956b-15c62aeabe4d,0,B
e7d3be9a-2537-4c0a-a2c9-3e0a92f38d05,0,A
6311709f-ff9d-40e3-8278-aee8c7dfc10c,1,B
bb618ac1-a4be-4ced-a5b3-6fbb5ff95efc,0,A
8a424c1d-79b4-4809-91de-0cc5dc9b20e8,0,B
6987ff9c-0964-43e9-8bf2-419f0b75fa9a,0,B
3aff1da3-3aaa-4da2-8736-e55c745b2206,0,B
f4b0e5cd-1f61-44e5-889a-746b37b0d628,0,B
ba3e28ab-fe9d-447a-a3de-0dab8d3f05c0,1,A
cafcbbf1-90e0-4834-95d2-8cdbc42595be,0,A
1bd001ee-042e-43fa-bd06-f767b187be9d,1,B
638219bf-61ad-41c5-8603-a90d8d7d8d32,0,C
40ff7d49-92bd-46ab-8471-909a58dac2bd,0,B
4f78466c-7f38-4246-9fd5-a2937667033e,0,B
925d426a-ce93-4705-98ef-936a1bbd590e,0,A
d71a007e-a05b-48b0-9f00-51917558b22b,0,B
4c2c81b5-3d37-4b51-99e4-d0f613c70fe4,0,C
624cc8d4-195e-41e4-88e9-82760b79bf17,0,B
8caf6092-1bbb-4fd3-a7c4-7173012ef47d,0,B
0a931905-b045-41c2-9565-2ebf11339695,1,A
91c0f8cf-13d2-465b-b743-f216d4c6f509,0,C
a708bbb0-975d-4e70-bbbe-5710d13af0b8,0,C
5fd2be5e-ee8e-40f1-bbcd-f7d24a93515a,1,B
4445c216-123e-4952-b3af-1195acd5af67,0,B
d0938479-5749-4fdb-8160-4cd5efa3b907,0,B
a0d23f31-45ee-4894-827c-5f84c09c2c02,0,B
48e1c701-a559-41ff-b4cd-48b146f43c7a,0,B
a4f0826c-2b5b-456b-8aa7-25092388a522,0,A
aed47036-b89b-46f4-b660-9ac85a1f021d,0,B
bddcfa81-44ef-4d8e-b023-15e37863f4ef,0,B
5df0cb0a-5026-40a4-918c-5864f0af98db,0,A
d5a5de32-dadd-4f0f-9aaa-16c3e046f858,0,A
a7495993-1366-40dd-916b-74a7d2cbd444,1,A
6979de14-624e-428c-94fe-09dc8349633b,1,A
3da3956a-eeb6-4745-a419-85392b8192df,1,A
3d3db3cd-1b36-4d0a-8ee5-edb2fdd74ed3,0,A
719044dd-b242-4628-a49d-c214cc7a5545,0,B
3355cc92-fe7e-48c0-97c4-26f5c092e9aa,0,A
37ac0e4c-be22-40e4-99e3-361ebd42154f,0,B
3db15e8b-483d-41e3-ace8-a3b12fb778bd,0,C
100888b4-021c-411b-a760-c2d1bfe56d63,0,C
d8f5fe32-aecb-4240-bdb6-6b6cdee6626d,0,B
93200e3b-7786-46ef-8df8-efa1cd9a9178,0,B
6c7ee16c-b2e5-4053-92f6-b02ddfbdf2b0,0,A
ed35da84-cc2a-427d-ab99-fcd522c36554,0,C
bb2d485b-40ee-4693-8e7d-132ac33797c7,0,C
ccca3c0a-c4f7-44e8-860d-bbdb00839ad9,1,C
825ae62f-4924-41dc-b496-f18fb7622cf5,0,B
a5507d76-f48f-431e-b0b0-971dee3923e6,0,A
1779746d-fa01-4f3f-a995-86aef5cadb41,0,B
a690afa3-ed6c-47ad-92e7-d9f985202802,0,A
98567ffb-0365-4491-a920-9721d8fd5653,0,B
8f98f876-d594-437a-b608-d66077ede0b1,0,A
32c043e8-39fc-4167-9ad2-dbfe32e1e73d,0,B
095c9dc2-5ad3-4223-8f67-0ad324508201,0,A
1e136c4f-3c90-4fda-a3a5-d2e256196bb4,0,A
33c965a0-c5c2-4c4e-8ce9-ae64227d2f5a,0,A
b42c77b7-4537-4228-aa77-dcb18a80aa32,0,B
b439c80e-97fb-4007-b3ad-1294a4e047e3,0,A
c977ad85-c2dd-4c2d-ba66-da6b7dac6d9e,1,A
149e7252-2567-41fc-b421-9f434bbc9bb4,0,C
6c3c5143-ac4b-4417-b8c5-1b0155a46b78,0,A
2296dfab-f6bc-4606-9b4a-5337b134847b,0,A
08e877bc-fcd0-4882-a2a8-1baf7a43a15b,0,B
02b45384-c747-4b5c-8ffe-ff5f7f26b537,0,A
78338946-f275-4319-b007-82675b55e3c6,0,A
b6c618b9-4fc5-4d22-8d0f-f9394ebaf027,0,A
a64537c1-9c95-4f04-9ce0-57aa513d763a,0,C
407ece47-1c9f-4acf-ac99-8800c1684b1e,0,C
6eab1761-6253-4e54-999e-d37a504afbf3,0,B
4037039e-ba02-4e33-b99a-a9a1972379f0,0,B
60777c7e-674a-416c-a6bb-59aa2e7e0ce1,1,A
7eac6f21-e5e5-41e5-86a5-7de90ad12b6e,0,B
09c0df0b-4f33-4448-bfc3-628ddad91a39,0,C
a5550c1d-4446-452c-89a8-9530662c9771,0,A
2e659221-665f-4ef4-b8d0-def46722f96c,0,A
a4f7bb5f-7077-4578-b546-651d59bdb105,1,B
1df622bc-f94f-4c31-9e02-52f609c73f8a,0,A
260eaacf-1034-4f10-92d4-492c37db5e56,0,B
0d386dce-d60b-4e77-83a6-841b8e3402ea,0,B
167211db-3fe2-47de-adf6-f981a4f36771,0,C
1b9de201-acfe-4f72-934f-e8489276a5e1,0,B
d9569a23-ea04-4cfc-9f02-13a5e74d6e10,0,C
b190b39c-dcaf-4b8a-8d9e-6f4510c33757,0,A
2190e437-7387-4d33-ab7b-18bcfce9c6e8,0,A
ee1a5472-a0c6-4fe2-a902-715f3448fe9e,1,A
b6e18b3c-40a9-4fae-a5b9-9da4565c9cc3,0,A
5cfb9d96-0bc8-498c-bb34-c42be6de559a,0,A
958c8cae-5216-4921-b237-1dcc1cdb69e8,0,A
74c623c2-7181-456e-a324-feb0068ff5fb,0,B
b470f038-36b0-4782-b440-b45ea2126b59,1,A
d175a46c-4c45-4f7d-8404-8b64ca4a2d15,0,C
7b118d81-c817-4912-9e42-1332425514f2,0,A
a39fbda6-b1ee-4b0a-94f6-4d2d7a035dc3,0,A
9bf6024e-b35c-4938-b2ba-e998abba30c0,0,B
a8498490-a56b-41fd-8f8d-4fc5d99feccf,0,C